{
	"credit": "Made with Blockbench",
	"textures": {
		"0": "block/white_terracotta",
		"particle": "block/white_terracotta"
	},
	"elements": [
		{
			"from": [7, 0, 8],
			"to": [9, 11, 10],
			"rotation": {"angle": 0, "axis": "y", "origin": [0, 2, 0]},
			"faces": {
				"north": {"uv": [0, 0, 2, 11], "texture": "#0"},
				"east": {"uv": [0, 0, 2, 11], "texture": "#0"},
				"south": {"uv": [0, 0, 2, 11], "texture": "#0"},
				"west": {"uv": [0, 0, 2, 11], "texture": "#0"},
				"up": {"uv": [0, 0, 2, 2], "texture": "#0"},
				"down": {"uv": [0, 0, 2, 2], "texture": "#0"}
			}
		},
		{
			"from": [1.2, 11, 8],
			"to": [9, 19, 10],
			"rotation": {"angle": 0, "axis": "y", "origin": [0, 2, 0]},
			"faces": {
				"north": {"uv": [0, 0, 7.8, 8], "texture": "#0"},
				"east": {"uv": [0, 0, 2, 8], "texture": "#0"},
				"south": {"uv": [0, 0, 7.8, 8], "texture": "#0"},
				"west": {"uv": [0, 0, 2, 8], "texture": "#0"},
				"up": {"uv": [0, 0, 7.8, 2], "texture": "#0"},
				"down": {"uv": [0, 0, 7.8, 2], "texture": "#0"}
			}
		},
		{
			"from": [8.7985, 10.53671, 8],
			"to": [13.7985, 13.53671, 10],
			"rotation": {"angle": -45, "axis": "z", "origin": [12.2985, 13.53671, 9]},
			"faces": {
				"north": {"uv": [0, 0, 5, 3], "texture": "#0"},
				"east": {"uv": [0, 0, 2, 3], "texture": "#0"},
				"south": {"uv": [0, 0, 5, 3], "texture": "#0"},
				"west": {"uv": [0, 0, 2, 3], "texture": "#0"},
				"up": {"uv": [0, 0, 5, 2], "texture": "#0"},
				"down": {"uv": [0, 0, 5, 2], "texture": "#0"}
			}
		},
		{
			"from": [11.62156, 9.28385, 8],
			"to": [14.62156, 12.28385, 10],
			"rotation": {"angle": -22.5, "axis": "z", "origin": [14.12156, 10.78385, 9]},
			"faces": {
				"north": {"uv": [0, 0, 3, 3], "texture": "#0"},
				"east": {"uv": [0, 0, 2, 3], "texture": "#0"},
				"south": {"uv": [0, 0, 3, 3], "texture": "#0"},
				"west": {"uv": [0, 0, 2, 3], "texture": "#0"},
				"up": {"uv": [0, 0, 3, 2], "texture": "#0"},
				"down": {"uv": [0, 0, 3, 2], "texture": "#0"}
			}
		},
		{
			"from": [8.77341, 14.5571, 8],
			"to": [11.77341, 18.5571, 10],
			"rotation": {"angle": 22.5, "axis": "z", "origin": [9.27341, 11.8071, 9]},
			"faces": {
				"north": {"uv": [0, 0, 4, 3], "rotation": 270, "texture": "#0"},
				"east": {"uv": [0, 0, 4, 2], "rotation": 90, "texture": "#0"},
				"south": {"uv": [0, 0, 4, 3], "rotation": 90, "texture": "#0"},
				"west": {"uv": [0, 0, 4, 2], "rotation": 90, "texture": "#0"},
				"up": {"uv": [0, 0, 2, 3], "rotation": 90, "texture": "#0"},
				"down": {"uv": [0, 0, 2, 3], "rotation": 90, "texture": "#0"}
			}
		},
		{
			"from": [5.1, 7, 6],
			"to": [6.9, 13, 10],
			"rotation": {"angle": 0, "axis": "y", "origin": [0, 2, 0]},
			"faces": {
				"north": {"uv": [0, 0, 1.8, 6], "texture": "#0"},
				"east": {"uv": [0, 0, 4, 6], "texture": "#0"},
				"south": {"uv": [0, 0, 1.8, 6], "texture": "#0"},
				"west": {"uv": [0, 0, 4, 6], "texture": "#0"},
				"up": {"uv": [0, 0, 1.8, 4], "texture": "#0"},
				"down": {"uv": [0, 0, 1.8, 4], "texture": "#0"}
			}
		},
		{
			"from": [3.1, 8, 6],
			"to": [4.9, 12, 10],
			"rotation": {"angle": 0, "axis": "y", "origin": [0, 2, 0]},
			"faces": {
				"north": {"uv": [0, 0, 1.8, 4], "texture": "#0"},
				"east": {"uv": [0, 0, 4, 4], "texture": "#0"},
				"south": {"uv": [0, 0, 1.8, 4], "texture": "#0"},
				"west": {"uv": [0, 0, 4, 4], "texture": "#0"},
				"up": {"uv": [0, 0, 1.8, 4], "texture": "#0"},
				"down": {"uv": [0, 0, 1.8, 4], "texture": "#0"}
			}
		},
		{
			"from": [1.2, 8, 6],
			"to": [2.9, 11, 10],
			"rotation": {"angle": 0, "axis": "y", "origin": [0, 2, 0]},
			"faces": {
				"north": {"uv": [0, 0, 1.7, 3], "texture": "#0"},
				"east": {"uv": [0, 0, 4, 3], "texture": "#0"},
				"south": {"uv": [0, 0, 1.7, 3], "texture": "#0"},
				"west": {"uv": [0, 0, 4, 3], "texture": "#0"},
				"up": {"uv": [0, 0, 1.7, 4], "texture": "#0"},
				"down": {"uv": [0, 0, 1.7, 4], "texture": "#0"}
			}
		}
	],
	"display": {
		"head": {
			"translation": [0, -27, 0],
			"scale": [2, 2, 2]
		}
	}
}