{
    "parent": "item/handheld_rod",
    "textures": {
        "layer0": "item/paper"
    },
    "overrides": [
        {"predicate": {"custom_model_data":1},"model": "rfm/point"},
        {"predicate": {"custom_model_data":2},"model": "rfm/cube2"},
        {"predicate": {"custom_model_data":3},"model": "rfm/door"},
        {"predicate": {"custom_model_data":4},"model": "rfm/hand"},
        {"predicate": {"custom_model_data":5},"model": "rfm/5"},
        {"predicate": {"custom_model_data":6},"model": "rfm/6"},
        {"predicate": {"custom_model_data":7},"model": "rfm/7"},
        {"predicate": {"custom_model_data":8},"model": "rfm/8"},
        {"predicate": {"custom_model_data":9},"model": "rfm/9"},
        {"predicate": {"custom_model_data":10},"model": "rfm/10"}
    ]
}
