{
  "condition": "minecraft:any_of",
  "terms": [
    {
      "condition": "minecraft:entity_scores",
      "scores": {
        "system.tarot_tower.floor": 2
      },
      "entity": "this"
    },
    {
      "condition": "minecraft:entity_scores",
      "scores": {
        "system.tarot_tower.floor": 4
      },
      "entity": "this"
    },
    {
      "condition": "minecraft:entity_scores",
      "scores": {
        "system.tarot_tower.floor": 7
      },
      "entity": "this"
    },
    {
      "condition": "minecraft:entity_scores",
      "scores": {
        "system.tarot_tower.floor": 10
      },
      "entity": "this"
    }
  ]
}
