{
  "condition": "minecraft:all_of",
  "terms": [
    {
      "condition": "minecraft:entity_properties",
      "predicate": {
        "distance": {
          "horizontal": {
            "min": 0,
            "max": 12
          }
        }
      },
      "entity": "this"
    },
    {
      "condition": "minecraft:entity_properties",
      "predicate": {
        "distance": {
          "y": {
            "min": 0,
            "max": 3.5
          }
        }
      },
      "entity": "this"
    }
  ]
}
